uniqid,pid,genderLabel,genderURI,sexQualityURI,birthdate,birthdateQualityURI,first_contact_date,symptom_onset_age,hgvs_variant,date,ordo_uri,status_label,death_date,status_uri,HP1,HP2,HP3,HP4,HP5,HP6,HP7,HP8,HP9,HP10,HP1L,HP2L,HP3L,HP4L,HP5L,HP6L,HP7L,HP8L,HP9L,HP10L
1.0,Patient001,Male,http://purl.obolibrary.org/obo/NCIT_C20197,http://purl.obolibrary.org/obo/NCIT_C28421,1958-01-10,http://purl.obolibrary.org/obo/NCIT_C68615,2008-03-11,2005-03-02,DOCK8:c.494C>T,1994-02-27,http://www.orpha.net/ORDO/Orphanet_166260,Alive,2035-10-23,http://purl.obolibrary.org/obo/NCIT_C37987,http://purl.obolibrary.org/obo/HP_0000001,http://purl.obolibrary.org/obo/HP_0000011,http://purl.obolibrary.org/obo/HP_0000021,http://purl.obolibrary.org/obo/HP_0000031,http://purl.obolibrary.org/obo/HP_0000041,http://purl.obolibrary.org/obo/HP_0000051,http://purl.obolibrary.org/obo/HP_0000061,http://purl.obolibrary.org/obo/HP_0000071,http://purl.obolibrary.org/obo/HP_0000081,http://purl.obolibrary.org/obo/HP_0000091,HP:0000001,HP:0000011,HP:0000021,HP:0000031,HP:0000041,HP:0000051,HP:0000061,HP:0000071,HP:0000081,HP:0000091
2.0,Patient002,Female,http://purl.obolibrary.org/obo/NCIT_C16576,http://purl.obolibrary.org/obo/NCIT_C28421,1992-02-13,http://purl.obolibrary.org/obo/NCIT_C68615,1974-05-19,1997-12-24,APOL1:c.980C>T,1994-07-13,http://www.orpha.net/ORDO/Orphanet_166261,Alive,2020-04-27,http://purl.obolibrary.org/obo/NCIT_C37987,http://purl.obolibrary.org/obo/HP_0000002,http://purl.obolibrary.org/obo/HP_0000012,http://purl.obolibrary.org/obo/HP_0000022,http://purl.obolibrary.org/obo/HP_0000032,http://purl.obolibrary.org/obo/HP_0000042,http://purl.obolibrary.org/obo/HP_0000052,http://purl.obolibrary.org/obo/HP_0000062,http://purl.obolibrary.org/obo/HP_0000072,http://purl.obolibrary.org/obo/HP_0000082,http://purl.obolibrary.org/obo/HP_0000092,HP:0000002,HP:0000012,HP:0000022,HP:0000032,HP:0000042,HP:0000052,HP:0000062,HP:0000072,HP:0000082,HP:0000092
3.0,Patient003,Male,http://purl.obolibrary.org/obo/NCIT_C20197,http://purl.obolibrary.org/obo/NCIT_C28421,1933-10-02,http://purl.obolibrary.org/obo/NCIT_C68615,2000-11-18,1997-04-13,PRPF6T>C:c.1344T>C,1996-08-18,http://www.orpha.net/ORDO/Orphanet_166262,Dead,2029-09-28,http://purl.obolibrary.org/obo/NCIT_C28554,http://purl.obolibrary.org/obo/HP_0000003,http://purl.obolibrary.org/obo/HP_0000013,http://purl.obolibrary.org/obo/HP_0000023,http://purl.obolibrary.org/obo/HP_0000033,http://purl.obolibrary.org/obo/HP_0000043,http://purl.obolibrary.org/obo/HP_0000053,http://purl.obolibrary.org/obo/HP_0000063,http://purl.obolibrary.org/obo/HP_0000073,http://purl.obolibrary.org/obo/HP_0000083,http://purl.obolibrary.org/obo/HP_0000093,HP:0000003,HP:0000013,HP:0000023,HP:0000033,HP:0000043,HP:0000053,HP:0000063,HP:0000073,HP:0000083,HP:0000093
4.0,Patient004,Female,http://purl.obolibrary.org/obo/NCIT_C16576,http://purl.obolibrary.org/obo/NCIT_C28421,1941-01-17,http://purl.obolibrary.org/obo/NCIT_C68615,1979-03-08,1999-09-25,GRIN1:c.1471G>C,2007-08-26,http://www.orpha.net/ORDO/Orphanet_166263,Dead,2012-05-12,http://purl.obolibrary.org/obo/NCIT_C28554,http://purl.obolibrary.org/obo/HP_0000004,http://purl.obolibrary.org/obo/HP_0000014,http://purl.obolibrary.org/obo/HP_0000024,http://purl.obolibrary.org/obo/HP_0000034,http://purl.obolibrary.org/obo/HP_0000044,http://purl.obolibrary.org/obo/HP_0000054,http://purl.obolibrary.org/obo/HP_0000064,http://purl.obolibrary.org/obo/HP_0000074,http://purl.obolibrary.org/obo/HP_0000084,http://purl.obolibrary.org/obo/HP_0000094,HP:0000004,HP:0000014,HP:0000024,HP:0000034,HP:0000044,HP:0000054,HP:0000064,HP:0000074,HP:0000084,HP:0000094
5.0,Patient005,Male,http://purl.obolibrary.org/obo/NCIT_C20197,http://purl.obolibrary.org/obo/NCIT_C28421,2004-04-10,http://purl.obolibrary.org/obo/NCIT_C68615,1979-03-24,2006-06-23,MRE11A:c.37T>A,2001-10-16,http://www.orpha.net/ORDO/Orphanet_166264,Dead,2047-02-15,http://purl.obolibrary.org/obo/NCIT_C28554,http://purl.obolibrary.org/obo/HP_0000005,http://purl.obolibrary.org/obo/HP_0000015,http://purl.obolibrary.org/obo/HP_0000025,http://purl.obolibrary.org/obo/HP_0000035,http://purl.obolibrary.org/obo/HP_0000045,http://purl.obolibrary.org/obo/HP_0000055,http://purl.obolibrary.org/obo/HP_0000065,http://purl.obolibrary.org/obo/HP_0000075,http://purl.obolibrary.org/obo/HP_0000085,http://purl.obolibrary.org/obo/HP_0000095,HP:0000005,HP:0000015,HP:0000025,HP:0000035,HP:0000045,HP:0000055,HP:0000065,HP:0000075,HP:0000085,HP:0000095
6.0,Patient006,Female,http://purl.obolibrary.org/obo/NCIT_C16576,http://purl.obolibrary.org/obo/NCIT_C28421,2004-03-27,http://purl.obolibrary.org/obo/NCIT_C68615,1990-01-02,2010-02-09,USH2A:c.1457A>C,1965-05-16,http://www.orpha.net/ORDO/Orphanet_166265,Alive,2023-07-02,http://purl.obolibrary.org/obo/NCIT_C37987,http://purl.obolibrary.org/obo/HP_0000006,http://purl.obolibrary.org/obo/HP_0000016,http://purl.obolibrary.org/obo/HP_0000026,http://purl.obolibrary.org/obo/HP_0000036,http://purl.obolibrary.org/obo/HP_0000046,http://purl.obolibrary.org/obo/HP_0000056,http://purl.obolibrary.org/obo/HP_0000066,http://purl.obolibrary.org/obo/HP_0000076,http://purl.obolibrary.org/obo/HP_0000086,http://purl.obolibrary.org/obo/HP_0000096,HP:0000006,HP:0000016,HP:0000026,HP:0000036,HP:0000046,HP:0000056,HP:0000066,HP:0000076,HP:0000086,HP:0000096
7.0,Patient007,Male,http://purl.obolibrary.org/obo/NCIT_C20197,http://purl.obolibrary.org/obo/NCIT_C28421,1951-04-04,http://purl.obolibrary.org/obo/NCIT_C68615,1987-05-02,1964-12-25,RECQL4:c.2817G>A,2007-03-06,http://www.orpha.net/ORDO/Orphanet_166266,Alive,2033-10-06,http://purl.obolibrary.org/obo/NCIT_C37987,http://purl.obolibrary.org/obo/HP_0000007,http://purl.obolibrary.org/obo/HP_0000017,http://purl.obolibrary.org/obo/HP_0000027,http://purl.obolibrary.org/obo/HP_0000037,http://purl.obolibrary.org/obo/HP_0000047,http://purl.obolibrary.org/obo/HP_0000057,http://purl.obolibrary.org/obo/HP_0000067,http://purl.obolibrary.org/obo/HP_0000077,http://purl.obolibrary.org/obo/HP_0000087,http://purl.obolibrary.org/obo/HP_0000097,HP:0000007,HP:0000017,HP:0000027,HP:0000037,HP:0000047,HP:0000057,HP:0000067,HP:0000077,HP:0000087,HP:0000097
8.0,Patient008,Female,http://purl.obolibrary.org/obo/NCIT_C16576,http://purl.obolibrary.org/obo/NCIT_C28421,2007-02-15,http://purl.obolibrary.org/obo/NCIT_C68615,1974-07-04,1962-12-28,FRMPD3:c.455T>C,1978-06-08,http://www.orpha.net/ORDO/Orphanet_166267,Dead,2048-07-20,http://purl.obolibrary.org/obo/NCIT_C28554,http://purl.obolibrary.org/obo/HP_0000008,http://purl.obolibrary.org/obo/HP_0000018,http://purl.obolibrary.org/obo/HP_0000028,http://purl.obolibrary.org/obo/HP_0000038,http://purl.obolibrary.org/obo/HP_0000048,http://purl.obolibrary.org/obo/HP_0000058,http://purl.obolibrary.org/obo/HP_0000068,http://purl.obolibrary.org/obo/HP_0000078,http://purl.obolibrary.org/obo/HP_0000088,http://purl.obolibrary.org/obo/HP_0000098,HP:0000008,HP:0000018,HP:0000028,HP:0000038,HP:0000048,HP:0000058,HP:0000068,HP:0000078,HP:0000088,HP:0000098
9.0,Patient009,Male,http://purl.obolibrary.org/obo/NCIT_C20197,http://purl.obolibrary.org/obo/NCIT_C28421,1966-05-20,http://purl.obolibrary.org/obo/NCIT_C68615,1966-02-07,1989-05-23,POMT1:c.47A>G,1978-03-13,http://www.orpha.net/ORDO/Orphanet_166268,Dead,2008-01-06,http://purl.obolibrary.org/obo/NCIT_C28554,http://purl.obolibrary.org/obo/HP_0000009,http://purl.obolibrary.org/obo/HP_0000019,http://purl.obolibrary.org/obo/HP_0000029,http://purl.obolibrary.org/obo/HP_0000039,http://purl.obolibrary.org/obo/HP_0000049,http://purl.obolibrary.org/obo/HP_0000059,http://purl.obolibrary.org/obo/HP_0000069,http://purl.obolibrary.org/obo/HP_0000079,http://purl.obolibrary.org/obo/HP_0000089,http://purl.obolibrary.org/obo/HP_0000099,HP:0000009,HP:0000019,HP:0000029,HP:0000039,HP:0000049,HP:0000059,HP:0000069,HP:0000079,HP:0000089,HP:0000099
10.0,Patient010,Female,http://purl.obolibrary.org/obo/NCIT_C16576,http://purl.obolibrary.org/obo/NCIT_C28421,1965-11-10,http://purl.obolibrary.org/obo/NCIT_C68615,1977-02-09,1998-02-27,HNF1B:c.232G>T,1975-11-13,http://www.orpha.net/ORDO/Orphanet_166269,Dead,2020-01-10,http://purl.obolibrary.org/obo/NCIT_C28554,http://purl.obolibrary.org/obo/HP_0000010,http://purl.obolibrary.org/obo/HP_0000020,http://purl.obolibrary.org/obo/HP_0000030,http://purl.obolibrary.org/obo/HP_0000040,http://purl.obolibrary.org/obo/HP_0000050,http://purl.obolibrary.org/obo/HP_0000060,http://purl.obolibrary.org/obo/HP_0000070,http://purl.obolibrary.org/obo/HP_0000080,http://purl.obolibrary.org/obo/HP_0000090,http://purl.obolibrary.org/obo/HP_0000100,HP:0000010,HP:0000020,HP:0000030,HP:0000040,HP:0000050,HP:0000060,HP:0000070,HP:0000080,HP:0000090,HP:0000100
